--------------------------------------------------------
--  DDL for Table CLONING_METHOD
--------------------------------------------------------

  CREATE TABLE "CLONING_OWNER"."CLONING_METHOD"
   (  "CLONING_METHOD_ID" NUMBER,
  "METHOD_NAME" VARCHAR2(30 CHAR),
  "METHOD_TITLE" VARCHAR2(100 CHAR),
  "DESCRIPTION" VARCHAR2(4000 CHAR)
   ) SEGMENT CREATION IMMEDIATE
  PCTFREE 10 PCTUSED 40 INITRANS 1 MAXTRANS 255
 NOCOMPRESS LOGGING
  STORAGE(INITIAL 65536 NEXT 1048576 MINEXTENTS 1 MAXEXTENTS 2147483645
  PCTINCREASE 0 FREELISTS 1 FREELIST GROUPS 1
  BUFFER_POOL DEFAULT FLASH_CACHE DEFAULT CELL_FLASH_CACHE DEFAULT)
  TABLESPACE "USERS" ;
--------------------------------------------------------
--  DDL for Table CLONING_METHOD_STEP
--------------------------------------------------------

  CREATE TABLE "CLONING_OWNER"."CLONING_METHOD_STEP"
   (  "CLONING_METHOD_ID" NUMBER,
  "STEP_NAME" VARCHAR2(100 CHAR),
  "POSITION" NUMBER,
  "STEP_DESCRIPTION" VARCHAR2(4000 CHAR),
  "COMMON" VARCHAR2(1 CHAR),
  "LOCAL" VARCHAR2(1 CHAR) DEFAULT 'N'
   ) SEGMENT CREATION IMMEDIATE
  PCTFREE 10 PCTUSED 40 INITRANS 1 MAXTRANS 255
 NOCOMPRESS LOGGING
  STORAGE(INITIAL 65536 NEXT 1048576 MINEXTENTS 1 MAXEXTENTS 2147483645
  PCTINCREASE 0 FREELISTS 1 FREELIST GROUPS 1
  BUFFER_POOL DEFAULT FLASH_CACHE DEFAULT CELL_FLASH_CACHE DEFAULT)
  TABLESPACE "USERS" ;
--------------------------------------------------------
--  DDL for Table CLONING_PARAMETER
--------------------------------------------------------

  CREATE TABLE "CLONING_OWNER"."CLONING_PARAMETER"
   (  "PARAMETER_TYPE" VARCHAR2(1 CHAR),
  "PARAMETER_NAME" VARCHAR2(100 CHAR),
  "MANDATORY" VARCHAR2(1 CHAR) DEFAULT 'N',
  "POSITION" NUMBER DEFAULT 0,
  "PARAMETER_DESCRIPTION" VARCHAR2(4000 CHAR),
  "DEFAULT_VALUE" VARCHAR2(4000 CHAR),
  "RESET" VARCHAR2(1 CHAR) DEFAULT 'N'
   ) SEGMENT CREATION IMMEDIATE
  PCTFREE 10 PCTUSED 40 INITRANS 1 MAXTRANS 255
 NOCOMPRESS LOGGING
  STORAGE(INITIAL 65536 NEXT 1048576 MINEXTENTS 1 MAXEXTENTS 2147483645
  PCTINCREASE 0 FREELISTS 1 FREELIST GROUPS 1
  BUFFER_POOL DEFAULT FLASH_CACHE DEFAULT CELL_FLASH_CACHE DEFAULT)
  TABLESPACE "USERS" ;
--------------------------------------------------------
--  DDL for Table CLONING_TEMPLATE
--------------------------------------------------------

  CREATE TABLE "CLONING_OWNER"."CLONING_TEMPLATE"
   (  "TEMPLATE_ID" NUMBER,
  "TEMPLATE_NAME" VARCHAR2(100 CHAR)
   ) SEGMENT CREATION IMMEDIATE
  PCTFREE 10 PCTUSED 40 INITRANS 1 MAXTRANS 255
 NOCOMPRESS LOGGING
  STORAGE(INITIAL 65536 NEXT 1048576 MINEXTENTS 1 MAXEXTENTS 2147483645
  PCTINCREASE 0 FREELISTS 1 FREELIST GROUPS 1
  BUFFER_POOL DEFAULT FLASH_CACHE DEFAULT CELL_FLASH_CACHE DEFAULT)
  TABLESPACE "USERS" ;
--------------------------------------------------------
--  DDL for Table DB_PARAM_VALUE
--------------------------------------------------------

  CREATE TABLE "CLONING_OWNER"."DB_PARAM_VALUE"
   (  "LICDB_ID" NUMBER,
  "PARAMETER_TYPE" VARCHAR2(1 CHAR),
  "PARAMETER_NAME" VARCHAR2(100 CHAR),
  "PARAMETER_VALUE" VARCHAR2(4000 CHAR),
  "RESET" VARCHAR2(1 CHAR)
   ) SEGMENT CREATION IMMEDIATE
  PCTFREE 10 PCTUSED 40 INITRANS 1 MAXTRANS 255
 NOCOMPRESS LOGGING
  STORAGE(INITIAL 65536 NEXT 1048576 MINEXTENTS 1 MAXEXTENTS 2147483645
  PCTINCREASE 0 FREELISTS 1 FREELIST GROUPS 1
  BUFFER_POOL DEFAULT FLASH_CACHE DEFAULT CELL_FLASH_CACHE DEFAULT)
  TABLESPACE "USERS" ;
--------------------------------------------------------
--  DDL for Table METHOD_PARAM_VALUE
--------------------------------------------------------

  CREATE TABLE "CLONING_OWNER"."METHOD_PARAM_VALUE"
   (  "METHOD_ID" NUMBER,
  "PARAMETER_TYPE" VARCHAR2(1 CHAR),
  "PARAMETER_NAME" VARCHAR2(100 CHAR),
  "PARAMETER_VALUE" VARCHAR2(4000 CHAR),
  "RESET" VARCHAR2(1 CHAR)
   ) SEGMENT CREATION IMMEDIATE
  PCTFREE 10 PCTUSED 40 INITRANS 1 MAXTRANS 255
 NOCOMPRESS LOGGING
  STORAGE(INITIAL 65536 NEXT 1048576 MINEXTENTS 1 MAXEXTENTS 2147483645
  PCTINCREASE 0 FREELISTS 1 FREELIST GROUPS 1
  BUFFER_POOL DEFAULT FLASH_CACHE DEFAULT CELL_FLASH_CACHE DEFAULT)
  TABLESPACE "USERS" ;
--------------------------------------------------------
--  DDL for Table TEMPLATE_PARAM_VALUE
--------------------------------------------------------

  CREATE TABLE "CLONING_OWNER"."TEMPLATE_PARAM_VALUE"
   (  "TEMPLATE_ID" NUMBER,
  "PARAMETER_TYPE" VARCHAR2(1 CHAR),
  "PARAMETER_NAME" VARCHAR2(100 CHAR),
  "PARAMETER_VALUE" VARCHAR2(4000 CHAR),
  "RESET" VARCHAR2(1 CHAR)
   ) SEGMENT CREATION IMMEDIATE
  PCTFREE 10 PCTUSED 40 INITRANS 1 MAXTRANS 255
 NOCOMPRESS LOGGING
  STORAGE(INITIAL 65536 NEXT 1048576 MINEXTENTS 1 MAXEXTENTS 2147483645
  PCTINCREASE 0 FREELISTS 1 FREELIST GROUPS 1
  BUFFER_POOL DEFAULT FLASH_CACHE DEFAULT CELL_FLASH_CACHE DEFAULT)
  TABLESPACE "USERS" ;
REM INSERTING into CLONING_OWNER.CLONING_METHOD
SET DEFINE OFF;
Insert into CLONING_OWNER.CLONING_METHOD (CLONING_METHOD_ID,METHOD_NAME,METHOD_TITLE,DESCRIPTION) values ('1','TEST','Pouze pro testovací účely - nepoužívat !!!','Pouze pro testovací účely');
Insert into CLONING_OWNER.CLONING_METHOD (CLONING_METHOD_ID,METHOD_NAME,METHOD_TITLE,DESCRIPTION) values ('2','HITACHI','HUS VM Thin Clone',null);
Insert into CLONING_OWNER.CLONING_METHOD (CLONING_METHOD_ID,METHOD_NAME,METHOD_TITLE,DESCRIPTION) values ('3','SNAPVX','SnapVX snapshot na VMAX3 pole v Praze',null);
Insert into CLONING_OWNER.CLONING_METHOD (CLONING_METHOD_ID,METHOD_NAME,METHOD_TITLE,DESCRIPTION) values ('4','RECOVER_SNAPSHOT','DWH - recover diskového snapshotu',null);
REM INSERTING into CLONING_OWNER.CLONING_METHOD_STEP
SET DEFINE OFF;
Insert into CLONING_OWNER.CLONING_METHOD_STEP (CLONING_METHOD_ID,STEP_NAME,POSITION,STEP_DESCRIPTION,COMMON,LOCAL) values ('3','STEP001_prepare.sh','1','Desc','Y','N');
Insert into CLONING_OWNER.CLONING_METHOD_STEP (CLONING_METHOD_ID,STEP_NAME,POSITION,STEP_DESCRIPTION,COMMON,LOCAL) values ('3','STEP010_shutdown_db.sh','10','Desc','Y','N');
Insert into CLONING_OWNER.CLONING_METHOD_STEP (CLONING_METHOD_ID,STEP_NAME,POSITION,STEP_DESCRIPTION,COMMON,LOCAL) values ('3','STEP020_umount_asm_dg.sh','20','Desc','Y','N');
Insert into CLONING_OWNER.CLONING_METHOD_STEP (CLONING_METHOD_ID,STEP_NAME,POSITION,STEP_DESCRIPTION,COMMON,LOCAL) values ('3','STEP100_create_disk_snapshot.sh','100','Desc','N','Y');
Insert into CLONING_OWNER.CLONING_METHOD_STEP (CLONING_METHOD_ID,STEP_NAME,POSITION,STEP_DESCRIPTION,COMMON,LOCAL) values ('3','STEP109_mount_asm_dg.sh','109','Desc','Y','N');
Insert into CLONING_OWNER.CLONING_METHOD_STEP (CLONING_METHOD_ID,STEP_NAME,POSITION,STEP_DESCRIPTION,COMMON,LOCAL) values ('3','STEP110_recover_clone_db.sh','110','Desc','Y','N');
Insert into CLONING_OWNER.CLONING_METHOD_STEP (CLONING_METHOD_ID,STEP_NAME,POSITION,STEP_DESCRIPTION,COMMON,LOCAL) values ('3','STEP120_rename_clone_db.sh','120','Desc','Y','N');
Insert into CLONING_OWNER.CLONING_METHOD_STEP (CLONING_METHOD_ID,STEP_NAME,POSITION,STEP_DESCRIPTION,COMMON,LOCAL) values ('3','STEP130_rename_clone_asmdg.sh','130','Desc','Y','N');
Insert into CLONING_OWNER.CLONING_METHOD_STEP (CLONING_METHOD_ID,STEP_NAME,POSITION,STEP_DESCRIPTION,COMMON,LOCAL) values ('3','STEP140_password_file.sh','140','Desc','Y','N');
Insert into CLONING_OWNER.CLONING_METHOD_STEP (CLONING_METHOD_ID,STEP_NAME,POSITION,STEP_DESCRIPTION,COMMON,LOCAL) values ('3','STEP180_rac_drop_unused_redo_thread.sh','180','Desc','Y','N');
Insert into CLONING_OWNER.CLONING_METHOD_STEP (CLONING_METHOD_ID,STEP_NAME,POSITION,STEP_DESCRIPTION,COMMON,LOCAL) values ('3','STEP205_emcli_stop_blackout.sh','205','Desc','Y','N');
Insert into CLONING_OWNER.CLONING_METHOD_STEP (CLONING_METHOD_ID,STEP_NAME,POSITION,STEP_DESCRIPTION,COMMON,LOCAL) values ('3','STEP210_rman_reset_config.sh','210','RMAN reset konfigurace','Y','N');
Insert into CLONING_OWNER.CLONING_METHOD_STEP (CLONING_METHOD_ID,STEP_NAME,POSITION,STEP_DESCRIPTION,COMMON,LOCAL) values ('3','STEP220_rman_resync.sh','220','Desc','Y','N');
Insert into CLONING_OWNER.CLONING_METHOD_STEP (CLONING_METHOD_ID,STEP_NAME,POSITION,STEP_DESCRIPTION,COMMON,LOCAL) values ('3','STEP300_app_sql_scripts.sh','300','Desc','Y','N');
Insert into CLONING_OWNER.CLONING_METHOD_STEP (CLONING_METHOD_ID,STEP_NAME,POSITION,STEP_DESCRIPTION,COMMON,LOCAL) values ('3','STEP310_grant_dba.sh','310','Desc','Y','N');
Insert into CLONING_OWNER.CLONING_METHOD_STEP (CLONING_METHOD_ID,STEP_NAME,POSITION,STEP_DESCRIPTION,COMMON,LOCAL) values ('3','STEP400_arm_audit.sh','400','Desc','Y','Y');
Insert into CLONING_OWNER.CLONING_METHOD_STEP (CLONING_METHOD_ID,STEP_NAME,POSITION,STEP_DESCRIPTION,COMMON,LOCAL) values ('3','STEP005_pre_sql_scripts.sh','5','Desc','Y','N');
Insert into CLONING_OWNER.CLONING_METHOD_STEP (CLONING_METHOD_ID,STEP_NAME,POSITION,STEP_DESCRIPTION,COMMON,LOCAL) values ('3','STEP230_rman_backup_validate.sh','230','Desc','Y','N');
Insert into CLONING_OWNER.CLONING_METHOD_STEP (CLONING_METHOD_ID,STEP_NAME,POSITION,STEP_DESCRIPTION,COMMON,LOCAL) values ('3','STEP320_autoextend_on.sh','320','Desc','Y','N');
Insert into CLONING_OWNER.CLONING_METHOD_STEP (CLONING_METHOD_ID,STEP_NAME,POSITION,STEP_DESCRIPTION,COMMON,LOCAL) values ('2','STEP001_prepare.sh','1','Desc','Y','N');
Insert into CLONING_OWNER.CLONING_METHOD_STEP (CLONING_METHOD_ID,STEP_NAME,POSITION,STEP_DESCRIPTION,COMMON,LOCAL) values ('2','STEP005_pre_sql_scripts.sh','5','Desc','Y','N');
Insert into CLONING_OWNER.CLONING_METHOD_STEP (CLONING_METHOD_ID,STEP_NAME,POSITION,STEP_DESCRIPTION,COMMON,LOCAL) values ('2','STEP010_shutdown_db.sh','10','Desc','Y','N');
Insert into CLONING_OWNER.CLONING_METHOD_STEP (CLONING_METHOD_ID,STEP_NAME,POSITION,STEP_DESCRIPTION,COMMON,LOCAL) values ('2','STEP020_umount_asm_dg.sh','20','Desc','Y','N');
Insert into CLONING_OWNER.CLONING_METHOD_STEP (CLONING_METHOD_ID,STEP_NAME,POSITION,STEP_DESCRIPTION,COMMON,LOCAL) values ('2','STEP100_create_hitachi_clone.sh','100','Desc','N','N');
Insert into CLONING_OWNER.CLONING_METHOD_STEP (CLONING_METHOD_ID,STEP_NAME,POSITION,STEP_DESCRIPTION,COMMON,LOCAL) values ('2','STEP109_mount_asm_dg.sh','109','Desc','Y','N');
Insert into CLONING_OWNER.CLONING_METHOD_STEP (CLONING_METHOD_ID,STEP_NAME,POSITION,STEP_DESCRIPTION,COMMON,LOCAL) values ('2','STEP110_recover_clone_db.sh','110','Desc','Y','N');
Insert into CLONING_OWNER.CLONING_METHOD_STEP (CLONING_METHOD_ID,STEP_NAME,POSITION,STEP_DESCRIPTION,COMMON,LOCAL) values ('2','STEP120_rename_clone_db.sh','120','Desc','Y','N');
Insert into CLONING_OWNER.CLONING_METHOD_STEP (CLONING_METHOD_ID,STEP_NAME,POSITION,STEP_DESCRIPTION,COMMON,LOCAL) values ('2','STEP130_rename_clone_asmdg.sh','130','Desc','Y','N');
Insert into CLONING_OWNER.CLONING_METHOD_STEP (CLONING_METHOD_ID,STEP_NAME,POSITION,STEP_DESCRIPTION,COMMON,LOCAL) values ('2','STEP140_password_file.sh','140','Desc','Y','N');
Insert into CLONING_OWNER.CLONING_METHOD_STEP (CLONING_METHOD_ID,STEP_NAME,POSITION,STEP_DESCRIPTION,COMMON,LOCAL) values ('2','STEP180_rac_drop_unused_redo_thread.sh','180','Desc','Y','N');
Insert into CLONING_OWNER.CLONING_METHOD_STEP (CLONING_METHOD_ID,STEP_NAME,POSITION,STEP_DESCRIPTION,COMMON,LOCAL) values ('2','STEP205_emcli_stop_blackout.sh','205','Desc','Y','N');
Insert into CLONING_OWNER.CLONING_METHOD_STEP (CLONING_METHOD_ID,STEP_NAME,POSITION,STEP_DESCRIPTION,COMMON,LOCAL) values ('2','STEP210_rman_reset_config.sh','210','RMAN reset konfigurace','Y','N');
Insert into CLONING_OWNER.CLONING_METHOD_STEP (CLONING_METHOD_ID,STEP_NAME,POSITION,STEP_DESCRIPTION,COMMON,LOCAL) values ('2','STEP220_rman_resync.sh','220','Desc','Y','N');
Insert into CLONING_OWNER.CLONING_METHOD_STEP (CLONING_METHOD_ID,STEP_NAME,POSITION,STEP_DESCRIPTION,COMMON,LOCAL) values ('2','STEP230_rman_backup_validate.sh','230','Desc','Y','N');
Insert into CLONING_OWNER.CLONING_METHOD_STEP (CLONING_METHOD_ID,STEP_NAME,POSITION,STEP_DESCRIPTION,COMMON,LOCAL) values ('2','STEP300_app_sql_scripts.sh','300','Desc','Y','N');
Insert into CLONING_OWNER.CLONING_METHOD_STEP (CLONING_METHOD_ID,STEP_NAME,POSITION,STEP_DESCRIPTION,COMMON,LOCAL) values ('2','STEP310_grant_dba.sh','310','Desc','Y','N');
Insert into CLONING_OWNER.CLONING_METHOD_STEP (CLONING_METHOD_ID,STEP_NAME,POSITION,STEP_DESCRIPTION,COMMON,LOCAL) values ('2','STEP320_autoextend_on.sh','320','Desc','Y','N');
Insert into CLONING_OWNER.CLONING_METHOD_STEP (CLONING_METHOD_ID,STEP_NAME,POSITION,STEP_DESCRIPTION,COMMON,LOCAL) values ('2','STEP400_arm_audit.sh','400','Desc','Y','Y');
Insert into CLONING_OWNER.CLONING_METHOD_STEP (CLONING_METHOD_ID,STEP_NAME,POSITION,STEP_DESCRIPTION,COMMON,LOCAL) values ('2','STEP410_send_email.sh','410','Desc','Y','Y');
Insert into CLONING_OWNER.CLONING_METHOD_STEP (CLONING_METHOD_ID,STEP_NAME,POSITION,STEP_DESCRIPTION,COMMON,LOCAL) values ('2','STEP190_restart_db.sh','190','Finální restart databaze pro overeni funkcnosti','Y','N');
Insert into CLONING_OWNER.CLONING_METHOD_STEP (CLONING_METHOD_ID,STEP_NAME,POSITION,STEP_DESCRIPTION,COMMON,LOCAL) values ('3','STEP190_restart_db.sh','190','Finální restart databaze pro overeni funkcnosti','Y','N');
Insert into CLONING_OWNER.CLONING_METHOD_STEP (CLONING_METHOD_ID,STEP_NAME,POSITION,STEP_DESCRIPTION,COMMON,LOCAL) values ('4','STEP190_restart_db.sh','190','Finální restart databaze pro overeni funkcnosti','Y','N');
Insert into CLONING_OWNER.CLONING_METHOD_STEP (CLONING_METHOD_ID,STEP_NAME,POSITION,STEP_DESCRIPTION,COMMON,LOCAL) values ('1','STEP210_rman_reset_config.sh','210','RMAN reset konfigurace','Y','N');
Insert into CLONING_OWNER.CLONING_METHOD_STEP (CLONING_METHOD_ID,STEP_NAME,POSITION,STEP_DESCRIPTION,COMMON,LOCAL) values ('1','STEP220_rman_resync.sh','220','Desc','Y','N');
Insert into CLONING_OWNER.CLONING_METHOD_STEP (CLONING_METHOD_ID,STEP_NAME,POSITION,STEP_DESCRIPTION,COMMON,LOCAL) values ('3','STEP410_send_email.sh','410','Desc','Y','Y');
Insert into CLONING_OWNER.CLONING_METHOD_STEP (CLONING_METHOD_ID,STEP_NAME,POSITION,STEP_DESCRIPTION,COMMON,LOCAL) values ('4','STEP150_recreate_spfile_db.sh','150','Desc','Y','N');
Insert into CLONING_OWNER.CLONING_METHOD_STEP (CLONING_METHOD_ID,STEP_NAME,POSITION,STEP_DESCRIPTION,COMMON,LOCAL) values ('2','STEP105_change_asm_diskstring.sh','105','Desc','N','N');
Insert into CLONING_OWNER.CLONING_METHOD_STEP (CLONING_METHOD_ID,STEP_NAME,POSITION,STEP_DESCRIPTION,COMMON,LOCAL) values ('2','STEP135_default_asm_diskstring.sh','135','Desc','N','N');
Insert into CLONING_OWNER.CLONING_METHOD_STEP (CLONING_METHOD_ID,STEP_NAME,POSITION,STEP_DESCRIPTION,COMMON,LOCAL) values ('4','STEP140_password_file.sh','140','Desc','Y','N');
Insert into CLONING_OWNER.CLONING_METHOD_STEP (CLONING_METHOD_ID,STEP_NAME,POSITION,STEP_DESCRIPTION,COMMON,LOCAL) values ('4','STEP180_rac_drop_unused_redo_thread.sh','180','Desc','Y','N');
Insert into CLONING_OWNER.CLONING_METHOD_STEP (CLONING_METHOD_ID,STEP_NAME,POSITION,STEP_DESCRIPTION,COMMON,LOCAL) values ('4','STEP205_emcli_stop_blackout.sh','205','Desc','Y','N');
Insert into CLONING_OWNER.CLONING_METHOD_STEP (CLONING_METHOD_ID,STEP_NAME,POSITION,STEP_DESCRIPTION,COMMON,LOCAL) values ('4','STEP210_rman_reset_config.sh','210','RMAN reset konfigurace','Y','N');
Insert into CLONING_OWNER.CLONING_METHOD_STEP (CLONING_METHOD_ID,STEP_NAME,POSITION,STEP_DESCRIPTION,COMMON,LOCAL) values ('4','STEP220_rman_resync.sh','220','Desc','Y','N');
Insert into CLONING_OWNER.CLONING_METHOD_STEP (CLONING_METHOD_ID,STEP_NAME,POSITION,STEP_DESCRIPTION,COMMON,LOCAL) values ('3','STEP160_archivelog_db.sh','160','Přepnutí databáze mezi archivním a nearchivním režimem.','Y','N');
Insert into CLONING_OWNER.CLONING_METHOD_STEP (CLONING_METHOD_ID,STEP_NAME,POSITION,STEP_DESCRIPTION,COMMON,LOCAL) values ('4','STEP300_app_sql_scripts.sh','300','Desc','Y','N');
Insert into CLONING_OWNER.CLONING_METHOD_STEP (CLONING_METHOD_ID,STEP_NAME,POSITION,STEP_DESCRIPTION,COMMON,LOCAL) values ('4','STEP310_grant_dba.sh','310','Desc','Y','N');
Insert into CLONING_OWNER.CLONING_METHOD_STEP (CLONING_METHOD_ID,STEP_NAME,POSITION,STEP_DESCRIPTION,COMMON,LOCAL) values ('4','STEP320_autoextend_on.sh','320','Desc','Y','N');
Insert into CLONING_OWNER.CLONING_METHOD_STEP (CLONING_METHOD_ID,STEP_NAME,POSITION,STEP_DESCRIPTION,COMMON,LOCAL) values ('4','STEP400_arm_audit.sh','400','Desc','Y','Y');
Insert into CLONING_OWNER.CLONING_METHOD_STEP (CLONING_METHOD_ID,STEP_NAME,POSITION,STEP_DESCRIPTION,COMMON,LOCAL) values ('4','STEP410_send_email.sh','410','Desc','Y','Y');
Insert into CLONING_OWNER.CLONING_METHOD_STEP (CLONING_METHOD_ID,STEP_NAME,POSITION,STEP_DESCRIPTION,COMMON,LOCAL) values ('3','STEP150_recreate_spfile_db.sh','150','Desc','Y','N');
Insert into CLONING_OWNER.CLONING_METHOD_STEP (CLONING_METHOD_ID,STEP_NAME,POSITION,STEP_DESCRIPTION,COMMON,LOCAL) values ('2','STEP150_recreate_spfile_db.sh','150','Desc','Y','N');
Insert into CLONING_OWNER.CLONING_METHOD_STEP (CLONING_METHOD_ID,STEP_NAME,POSITION,STEP_DESCRIPTION,COMMON,LOCAL) values ('4','STEP109_mount_asm_dg.sh','109','Desc','Y','N');
Insert into CLONING_OWNER.CLONING_METHOD_STEP (CLONING_METHOD_ID,STEP_NAME,POSITION,STEP_DESCRIPTION,COMMON,LOCAL) values ('4','STEP110_recover_clone_db.sh','110','Desc','Y','N');
Insert into CLONING_OWNER.CLONING_METHOD_STEP (CLONING_METHOD_ID,STEP_NAME,POSITION,STEP_DESCRIPTION,COMMON,LOCAL) values ('4','STEP120_rename_clone_db.sh','120','Desc','Y','N');
Insert into CLONING_OWNER.CLONING_METHOD_STEP (CLONING_METHOD_ID,STEP_NAME,POSITION,STEP_DESCRIPTION,COMMON,LOCAL) values ('4','STEP130_rename_clone_asmdg.sh','130','Desc','Y','N');
REM INSERTING into CLONING_OWNER.CLONING_PARAMETER
SET DEFINE OFF;
Insert into CLONING_OWNER.CLONING_PARAMETER (PARAMETER_TYPE,PARAMETER_NAME,MANDATORY,POSITION,PARAMETER_DESCRIPTION,DEFAULT_VALUE,RESET) values ('I','control_files','N',null,'Parametr slouží pro změnu umístění controlfile při diskovém klonu, kdy jeden ze zdrojových controlfile je umístěn ve FRA (klonuje se pouze D01).',null,'N');
Insert into CLONING_OWNER.CLONING_PARAMETER (PARAMETER_TYPE,PARAMETER_NAME,MANDATORY,POSITION,PARAMETER_DESCRIPTION,DEFAULT_VALUE,RESET) values ('I','db_block_checksum','N','0',null,null,'N');
Insert into CLONING_OWNER.CLONING_PARAMETER (PARAMETER_TYPE,PARAMETER_NAME,MANDATORY,POSITION,PARAMETER_DESCRIPTION,DEFAULT_VALUE,RESET) values ('C','clone_opts','Y','0',null,null,'N');
Insert into CLONING_OWNER.CLONING_PARAMETER (PARAMETER_TYPE,PARAMETER_NAME,MANDATORY,POSITION,PARAMETER_DESCRIPTION,DEFAULT_VALUE,RESET) values ('C','recover_opts','Y','0','Ponechat noarchivelog pro vytvoření klonu. Pro změnu LOG_MODE se používá parametr ARCHIVELOG','--noarchivelog','N');
Insert into CLONING_OWNER.CLONING_PARAMETER (PARAMETER_TYPE,PARAMETER_NAME,MANDATORY,POSITION,PARAMETER_DESCRIPTION,DEFAULT_VALUE,RESET) values ('I','memory_target','N','0',null,null,'Y');
Insert into CLONING_OWNER.CLONING_PARAMETER (PARAMETER_TYPE,PARAMETER_NAME,MANDATORY,POSITION,PARAMETER_DESCRIPTION,DEFAULT_VALUE,RESET) values ('C','snapshot_name','Y','0',null,null,'N');
Insert into CLONING_OWNER.CLONING_PARAMETER (PARAMETER_TYPE,PARAMETER_NAME,MANDATORY,POSITION,PARAMETER_DESCRIPTION,DEFAULT_VALUE,RESET) values ('C','pre_sql_scripts','Y','0',null,null,'N');
Insert into CLONING_OWNER.CLONING_PARAMETER (PARAMETER_TYPE,PARAMETER_NAME,MANDATORY,POSITION,PARAMETER_DESCRIPTION,DEFAULT_VALUE,RESET) values ('C','post_sql_scripts','Y','0',null,null,'N');
Insert into CLONING_OWNER.CLONING_PARAMETER (PARAMETER_TYPE,PARAMETER_NAME,MANDATORY,POSITION,PARAMETER_DESCRIPTION,DEFAULT_VALUE,RESET) values ('I','SHARED_POOL_SIZE','N',null,'minimalni hodnota pro shared pool',null,'N');
Insert into CLONING_OWNER.CLONING_PARAMETER (PARAMETER_TYPE,PARAMETER_NAME,MANDATORY,POSITION,PARAMETER_DESCRIPTION,DEFAULT_VALUE,RESET) values ('C','ARCHIVELOG','Y','0','Vynucené přepnutí databáze do archivního režimu.','false','N');
Insert into CLONING_OWNER.CLONING_PARAMETER (PARAMETER_TYPE,PARAMETER_NAME,MANDATORY,POSITION,PARAMETER_DESCRIPTION,DEFAULT_VALUE,RESET) values ('C','asm_source_dg','Y','0',null,'${source_db}_D01','N');
Insert into CLONING_OWNER.CLONING_PARAMETER (PARAMETER_TYPE,PARAMETER_NAME,MANDATORY,POSITION,PARAMETER_DESCRIPTION,DEFAULT_VALUE,RESET) values ('C','source_spfile','Y','0','Umístění zdrojového spfile.','+${source_db}_D01/${source_db}/spfile${source_db}.ora','N');
Insert into CLONING_OWNER.CLONING_PARAMETER (PARAMETER_TYPE,PARAMETER_NAME,MANDATORY,POSITION,PARAMETER_DESCRIPTION,DEFAULT_VALUE,RESET) values ('I','db_recovery_file_dest','N','0','Uplatní se při ARCHIVELOG = true',null,'N');
Insert into CLONING_OWNER.CLONING_PARAMETER (PARAMETER_TYPE,PARAMETER_NAME,MANDATORY,POSITION,PARAMETER_DESCRIPTION,DEFAULT_VALUE,RESET) values ('I','db_recovery_file_dest_size','N','0','Při ARCHIVELOG = true, default je velikost FRA ASM diskgroupy',null,'N');
Insert into CLONING_OWNER.CLONING_PARAMETER (PARAMETER_TYPE,PARAMETER_NAME,MANDATORY,POSITION,PARAMETER_DESCRIPTION,DEFAULT_VALUE,RESET) values ('C','app_supp_email','Y','0',null,'jsrba@csas.cz,jbohuslav@csas.cz','N');
Insert into CLONING_OWNER.CLONING_PARAMETER (PARAMETER_TYPE,PARAMETER_NAME,MANDATORY,POSITION,PARAMETER_DESCRIPTION,DEFAULT_VALUE,RESET) values ('I','cpu_count','N','0',null,'4','N');
Insert into CLONING_OWNER.CLONING_PARAMETER (PARAMETER_TYPE,PARAMETER_NAME,MANDATORY,POSITION,PARAMETER_DESCRIPTION,DEFAULT_VALUE,RESET) values ('I','pga_aggregate_target','N','0',null,'8G','N');
Insert into CLONING_OWNER.CLONING_PARAMETER (PARAMETER_TYPE,PARAMETER_NAME,MANDATORY,POSITION,PARAMETER_DESCRIPTION,DEFAULT_VALUE,RESET) values ('I','sga_target','N','0',null,'16G','N');
REM INSERTING into CLONING_OWNER.CLONING_TEMPLATE
SET DEFINE OFF;
Insert into CLONING_OWNER.CLONING_TEMPLATE (TEMPLATE_ID,TEMPLATE_NAME) values ('10','AFS');
Insert into CLONING_OWNER.CLONING_TEMPLATE (TEMPLATE_ID,TEMPLATE_NAME) values ('3','RDBTx');
Insert into CLONING_OWNER.CLONING_TEMPLATE (TEMPLATE_ID,TEMPLATE_NAME) values ('2','RTODS');
Insert into CLONING_OWNER.CLONING_TEMPLATE (TEMPLATE_ID,TEMPLATE_NAME) values ('1','MALA_DB_SGA_16G_PGA8');
Insert into CLONING_OWNER.CLONING_TEMPLATE (TEMPLATE_ID,TEMPLATE_NAME) values ('4','APS');
Insert into CLONING_OWNER.CLONING_TEMPLATE (TEMPLATE_ID,TEMPLATE_NAME) values ('5','DWH_DM');
Insert into CLONING_OWNER.CLONING_TEMPLATE (TEMPLATE_ID,TEMPLATE_NAME) values ('6','DWH_DWH');
Insert into CLONING_OWNER.CLONING_TEMPLATE (TEMPLATE_ID,TEMPLATE_NAME) values ('8','CLM');
Insert into CLONING_OWNER.CLONING_TEMPLATE (TEMPLATE_ID,TEMPLATE_NAME) values ('9','SYMBOLS');
Insert into CLONING_OWNER.CLONING_TEMPLATE (TEMPLATE_ID,TEMPLATE_NAME) values ('12','MADB');
Insert into CLONING_OWNER.CLONING_TEMPLATE (TEMPLATE_ID,TEMPLATE_NAME) values ('7','CRM');
Insert into CLONING_OWNER.CLONING_TEMPLATE (TEMPLATE_ID,TEMPLATE_NAME) values ('11','RMDTEST');
Insert into CLONING_OWNER.CLONING_TEMPLATE (TEMPLATE_ID,TEMPLATE_NAME) values ('13','RTDM');
Insert into CLONING_OWNER.CLONING_TEMPLATE (TEMPLATE_ID,TEMPLATE_NAME) values ('14','CMT');
REM INSERTING into CLONING_OWNER.DB_PARAM_VALUE
SET DEFINE OFF;
Insert into CLONING_OWNER.DB_PARAM_VALUE (LICDB_ID,PARAMETER_TYPE,PARAMETER_NAME,PARAMETER_VALUE,RESET) values ('118','I','sga_target','7G','N');
Insert into CLONING_OWNER.DB_PARAM_VALUE (LICDB_ID,PARAMETER_TYPE,PARAMETER_NAME,PARAMETER_VALUE,RESET) values ('221','C','snapshot_name','GI_CRMPKTST_20170505','N');
Insert into CLONING_OWNER.DB_PARAM_VALUE (LICDB_ID,PARAMETER_TYPE,PARAMETER_NAME,PARAMETER_VALUE,RESET) values ('221','I','control_files','''+CRMPKTST_D01/CRMPKTST/CONTROLFILE/current.257.942405711''','N');
Insert into CLONING_OWNER.DB_PARAM_VALUE (LICDB_ID,PARAMETER_TYPE,PARAMETER_NAME,PARAMETER_VALUE,RESET) values ('118','I','pga_aggregate_target','4G','N');
Insert into CLONING_OWNER.DB_PARAM_VALUE (LICDB_ID,PARAMETER_TYPE,PARAMETER_NAME,PARAMETER_VALUE,RESET) values ('127','I','sga_target','8G','N');
Insert into CLONING_OWNER.DB_PARAM_VALUE (LICDB_ID,PARAMETER_TYPE,PARAMETER_NAME,PARAMETER_VALUE,RESET) values ('127','I','pga_aggregate_target','6G','N');
Insert into CLONING_OWNER.DB_PARAM_VALUE (LICDB_ID,PARAMETER_TYPE,PARAMETER_NAME,PARAMETER_VALUE,RESET) values ('4362','I','cpu_count','8','N');
Insert into CLONING_OWNER.DB_PARAM_VALUE (LICDB_ID,PARAMETER_TYPE,PARAMETER_NAME,PARAMETER_VALUE,RESET) values ('4362','I','pga_aggregate_target','128G','N');
Insert into CLONING_OWNER.DB_PARAM_VALUE (LICDB_ID,PARAMETER_TYPE,PARAMETER_NAME,PARAMETER_VALUE,RESET) values ('4362','I','sga_target','64G','N');
Insert into CLONING_OWNER.DB_PARAM_VALUE (LICDB_ID,PARAMETER_TYPE,PARAMETER_NAME,PARAMETER_VALUE,RESET) values ('1641','C','post_sql_scripts','${CLONE_DIR}/app_scripts/WBL_eim_directories.SQL','N');
Insert into CLONING_OWNER.DB_PARAM_VALUE (LICDB_ID,PARAMETER_TYPE,PARAMETER_NAME,PARAMETER_VALUE,RESET) values ('2135','C','source_spfile','+RTOP_D01/RTOP/spfilertop.ora','N');
Insert into CLONING_OWNER.DB_PARAM_VALUE (LICDB_ID,PARAMETER_TYPE,PARAMETER_NAME,PARAMETER_VALUE,RESET) values ('371','C','source_spfile','+JIRKA_DATA/JIRKA/spfileJIRKA.ora','N');
Insert into CLONING_OWNER.DB_PARAM_VALUE (LICDB_ID,PARAMETER_TYPE,PARAMETER_NAME,PARAMETER_VALUE,RESET) values ('5668','C','source_spfile','+SKMZ_D01/${source_db}/spfile${source_db}.ora','N');
Insert into CLONING_OWNER.DB_PARAM_VALUE (LICDB_ID,PARAMETER_TYPE,PARAMETER_NAME,PARAMETER_VALUE,RESET) values ('1641','I','cpu_count','8','N');
Insert into CLONING_OWNER.DB_PARAM_VALUE (LICDB_ID,PARAMETER_TYPE,PARAMETER_NAME,PARAMETER_VALUE,RESET) values ('371','C','pre_sql_scripts',null,'N');
Insert into CLONING_OWNER.DB_PARAM_VALUE (LICDB_ID,PARAMETER_TYPE,PARAMETER_NAME,PARAMETER_VALUE,RESET) values ('1641','I','pga_aggregate_target','24G','N');
Insert into CLONING_OWNER.DB_PARAM_VALUE (LICDB_ID,PARAMETER_TYPE,PARAMETER_NAME,PARAMETER_VALUE,RESET) values ('1641','I','sga_target','40G','N');
Insert into CLONING_OWNER.DB_PARAM_VALUE (LICDB_ID,PARAMETER_TYPE,PARAMETER_NAME,PARAMETER_VALUE,RESET) values ('220','C','ARCHIVELOG','true','N');
Insert into CLONING_OWNER.DB_PARAM_VALUE (LICDB_ID,PARAMETER_TYPE,PARAMETER_NAME,PARAMETER_VALUE,RESET) values ('371','C','asm_source_dg','JIRKA_DATA','N');
Insert into CLONING_OWNER.DB_PARAM_VALUE (LICDB_ID,PARAMETER_TYPE,PARAMETER_NAME,PARAMETER_VALUE,RESET) values ('283','C','source_spfile','+RTOP_D01/RTOP/spfileRTOP.ora','N');
Insert into CLONING_OWNER.DB_PARAM_VALUE (LICDB_ID,PARAMETER_TYPE,PARAMETER_NAME,PARAMETER_VALUE,RESET) values ('5668','C','asm_source_dg','SKMZ_D01','N');
Insert into CLONING_OWNER.DB_PARAM_VALUE (LICDB_ID,PARAMETER_TYPE,PARAMETER_NAME,PARAMETER_VALUE,RESET) values ('4360','I','pga_aggregate_target','64g','N');
Insert into CLONING_OWNER.DB_PARAM_VALUE (LICDB_ID,PARAMETER_TYPE,PARAMETER_NAME,PARAMETER_VALUE,RESET) values ('4360','I','sga_target','32g','N');
Insert into CLONING_OWNER.DB_PARAM_VALUE (LICDB_ID,PARAMETER_TYPE,PARAMETER_NAME,PARAMETER_VALUE,RESET) values ('217','I','pga_aggregate_target','6G','N');
Insert into CLONING_OWNER.DB_PARAM_VALUE (LICDB_ID,PARAMETER_TYPE,PARAMETER_NAME,PARAMETER_VALUE,RESET) values ('291','I','cpu_count','8','N');
Insert into CLONING_OWNER.DB_PARAM_VALUE (LICDB_ID,PARAMETER_TYPE,PARAMETER_NAME,PARAMETER_VALUE,RESET) values ('292','I','cpu_count','8','N');
Insert into CLONING_OWNER.DB_PARAM_VALUE (LICDB_ID,PARAMETER_TYPE,PARAMETER_NAME,PARAMETER_VALUE,RESET) values ('293','I','cpu_count','8','N');
Insert into CLONING_OWNER.DB_PARAM_VALUE (LICDB_ID,PARAMETER_TYPE,PARAMETER_NAME,PARAMETER_VALUE,RESET) values ('217','I','sga_target','24G','N');
Insert into CLONING_OWNER.DB_PARAM_VALUE (LICDB_ID,PARAMETER_TYPE,PARAMETER_NAME,PARAMETER_VALUE,RESET) values ('217','I','cpu_count','8','N');
Insert into CLONING_OWNER.DB_PARAM_VALUE (LICDB_ID,PARAMETER_TYPE,PARAMETER_NAME,PARAMETER_VALUE,RESET) values ('217','I','SHARED_POOL_SIZE',null,'Y');
Insert into CLONING_OWNER.DB_PARAM_VALUE (LICDB_ID,PARAMETER_TYPE,PARAMETER_NAME,PARAMETER_VALUE,RESET) values ('4362','I','control_files','+RMDP_D01/RMDP/CONTROLFILE/current.261.931098363','N');
Insert into CLONING_OWNER.DB_PARAM_VALUE (LICDB_ID,PARAMETER_TYPE,PARAMETER_NAME,PARAMETER_VALUE,RESET) values ('279','I','pga_aggregate_target','8G','N');
Insert into CLONING_OWNER.DB_PARAM_VALUE (LICDB_ID,PARAMETER_TYPE,PARAMETER_NAME,PARAMETER_VALUE,RESET) values ('279','I','sga_target','32G','N');
Insert into CLONING_OWNER.DB_PARAM_VALUE (LICDB_ID,PARAMETER_TYPE,PARAMETER_NAME,PARAMETER_VALUE,RESET) values ('2639','C','source_spfile','+DWMP_D01/DWMP/spfile','N');
Insert into CLONING_OWNER.DB_PARAM_VALUE (LICDB_ID,PARAMETER_TYPE,PARAMETER_NAME,PARAMETER_VALUE,RESET) values ('4962','I','pga_aggregate_target','2G','N');
Insert into CLONING_OWNER.DB_PARAM_VALUE (LICDB_ID,PARAMETER_TYPE,PARAMETER_NAME,PARAMETER_VALUE,RESET) values ('4962','I','sga_target','4G','N');
Insert into CLONING_OWNER.DB_PARAM_VALUE (LICDB_ID,PARAMETER_TYPE,PARAMETER_NAME,PARAMETER_VALUE,RESET) values ('4762','I','pga_aggregate_target','2G','N');
Insert into CLONING_OWNER.DB_PARAM_VALUE (LICDB_ID,PARAMETER_TYPE,PARAMETER_NAME,PARAMETER_VALUE,RESET) values ('4762','I','sga_target','4G','N');
Insert into CLONING_OWNER.DB_PARAM_VALUE (LICDB_ID,PARAMETER_TYPE,PARAMETER_NAME,PARAMETER_VALUE,RESET) values ('219','I','control_files',null,'N');
Insert into CLONING_OWNER.DB_PARAM_VALUE (LICDB_ID,PARAMETER_TYPE,PARAMETER_NAME,PARAMETER_VALUE,RESET) values ('6567','I','control_files',null,'N');
Insert into CLONING_OWNER.DB_PARAM_VALUE (LICDB_ID,PARAMETER_TYPE,PARAMETER_NAME,PARAMETER_VALUE,RESET) values ('1640','C','source_spfile','+MCIP_D01/mcip/spfilemcip','N');
Insert into CLONING_OWNER.DB_PARAM_VALUE (LICDB_ID,PARAMETER_TYPE,PARAMETER_NAME,PARAMETER_VALUE,RESET) values ('1640','C','post_sql_scripts','${CLONE_DIR}/app_scripts/MCI_create_eim_directories_and_grant_privileges.sql','N');
Insert into CLONING_OWNER.DB_PARAM_VALUE (LICDB_ID,PARAMETER_TYPE,PARAMETER_NAME,PARAMETER_VALUE,RESET) values ('1640','I','sga_target','65G','N');
Insert into CLONING_OWNER.DB_PARAM_VALUE (LICDB_ID,PARAMETER_TYPE,PARAMETER_NAME,PARAMETER_VALUE,RESET) values ('1640','I','pga_aggregate_target','16G','N');
Insert into CLONING_OWNER.DB_PARAM_VALUE (LICDB_ID,PARAMETER_TYPE,PARAMETER_NAME,PARAMETER_VALUE,RESET) values ('1935','I','control_files','+CMTP_D01/CMTP/CONTROLFILE/current.257.908369835','N');
Insert into CLONING_OWNER.DB_PARAM_VALUE (LICDB_ID,PARAMETER_TYPE,PARAMETER_NAME,PARAMETER_VALUE,RESET) values ('1935','I','sga_target','15G','N');
Insert into CLONING_OWNER.DB_PARAM_VALUE (LICDB_ID,PARAMETER_TYPE,PARAMETER_NAME,PARAMETER_VALUE,RESET) values ('5467','C','source_spfile','+${source_db}_D01/${source_db}/spfile','N');
Insert into CLONING_OWNER.DB_PARAM_VALUE (LICDB_ID,PARAMETER_TYPE,PARAMETER_NAME,PARAMETER_VALUE,RESET) values ('5468','C','source_spfile','+${source_db}_D01/${source_db}/spfile','N');
Insert into CLONING_OWNER.DB_PARAM_VALUE (LICDB_ID,PARAMETER_TYPE,PARAMETER_NAME,PARAMETER_VALUE,RESET) values ('371','C','recover_opts',null,'N');
Insert into CLONING_OWNER.DB_PARAM_VALUE (LICDB_ID,PARAMETER_TYPE,PARAMETER_NAME,PARAMETER_VALUE,RESET) values ('371','C','app_supp_email','jsrba@csas.cz','N');
Insert into CLONING_OWNER.DB_PARAM_VALUE (LICDB_ID,PARAMETER_TYPE,PARAMETER_NAME,PARAMETER_VALUE,RESET) values ('371','I','sga_target','5%','N');
Insert into CLONING_OWNER.DB_PARAM_VALUE (LICDB_ID,PARAMETER_TYPE,PARAMETER_NAME,PARAMETER_VALUE,RESET) values ('371','I','pga_aggregate_target','3%','N');
Insert into CLONING_OWNER.DB_PARAM_VALUE (LICDB_ID,PARAMETER_TYPE,PARAMETER_NAME,PARAMETER_VALUE,RESET) values ('4361','I','sga_target','32g','N');
Insert into CLONING_OWNER.DB_PARAM_VALUE (LICDB_ID,PARAMETER_TYPE,PARAMETER_NAME,PARAMETER_VALUE,RESET) values ('4361','I','pga_aggregate_target','64g','N');
REM INSERTING into CLONING_OWNER.METHOD_PARAM_VALUE
SET DEFINE OFF;
Insert into CLONING_OWNER.METHOD_PARAM_VALUE (METHOD_ID,PARAMETER_TYPE,PARAMETER_NAME,PARAMETER_VALUE,RESET) values ('3','I','db_block_checksum','FULL','N');
Insert into CLONING_OWNER.METHOD_PARAM_VALUE (METHOD_ID,PARAMETER_TYPE,PARAMETER_NAME,PARAMETER_VALUE,RESET) values ('2','I','db_block_checksum','FULL','N');
Insert into CLONING_OWNER.METHOD_PARAM_VALUE (METHOD_ID,PARAMETER_TYPE,PARAMETER_NAME,PARAMETER_VALUE,RESET) values ('3','C','snapshot_name',null,'N');
REM INSERTING into CLONING_OWNER.TEMPLATE_PARAM_VALUE
SET DEFINE OFF;
Insert into CLONING_OWNER.TEMPLATE_PARAM_VALUE (TEMPLATE_ID,PARAMETER_TYPE,PARAMETER_NAME,PARAMETER_VALUE,RESET) values ('7','C','post_sql_scripts','${TODAY_FMT}/${target_db}_nastav_hesla.sql,${CLONE_DIR}/app_scripts/CRM/CRM_all.sql','N');
Insert into CLONING_OWNER.TEMPLATE_PARAM_VALUE (TEMPLATE_ID,PARAMETER_TYPE,PARAMETER_NAME,PARAMETER_VALUE,RESET) values ('9','C','post_sql_scripts','${CLONE_DIR}/app_scripts/SYMBOLS/SYM_after_clone_RUN.sql','N');
Insert into CLONING_OWNER.TEMPLATE_PARAM_VALUE (TEMPLATE_ID,PARAMETER_TYPE,PARAMETER_NAME,PARAMETER_VALUE,RESET) values ('9','I','sga_target','12G','N');
Insert into CLONING_OWNER.TEMPLATE_PARAM_VALUE (TEMPLATE_ID,PARAMETER_TYPE,PARAMETER_NAME,PARAMETER_VALUE,RESET) values ('9','I','pga_aggregate_target','8G','N');
Insert into CLONING_OWNER.TEMPLATE_PARAM_VALUE (TEMPLATE_ID,PARAMETER_TYPE,PARAMETER_NAME,PARAMETER_VALUE,RESET) values ('1','I','memory_target',null,'Y');
Insert into CLONING_OWNER.TEMPLATE_PARAM_VALUE (TEMPLATE_ID,PARAMETER_TYPE,PARAMETER_NAME,PARAMETER_VALUE,RESET) values ('1','I','cpu_count','4','N');
Insert into CLONING_OWNER.TEMPLATE_PARAM_VALUE (TEMPLATE_ID,PARAMETER_TYPE,PARAMETER_NAME,PARAMETER_VALUE,RESET) values ('1','I','pga_aggregate_target','8G','N');
Insert into CLONING_OWNER.TEMPLATE_PARAM_VALUE (TEMPLATE_ID,PARAMETER_TYPE,PARAMETER_NAME,PARAMETER_VALUE,RESET) values ('1','I','sga_target','16G','N');
Insert into CLONING_OWNER.TEMPLATE_PARAM_VALUE (TEMPLATE_ID,PARAMETER_TYPE,PARAMETER_NAME,PARAMETER_VALUE,RESET) values ('3','I','memory_target',null,'Y');
Insert into CLONING_OWNER.TEMPLATE_PARAM_VALUE (TEMPLATE_ID,PARAMETER_TYPE,PARAMETER_NAME,PARAMETER_VALUE,RESET) values ('3','I','cpu_count','4','N');
Insert into CLONING_OWNER.TEMPLATE_PARAM_VALUE (TEMPLATE_ID,PARAMETER_TYPE,PARAMETER_NAME,PARAMETER_VALUE,RESET) values ('3','I','pga_aggregate_target','8G','N');
Insert into CLONING_OWNER.TEMPLATE_PARAM_VALUE (TEMPLATE_ID,PARAMETER_TYPE,PARAMETER_NAME,PARAMETER_VALUE,RESET) values ('3','I','sga_target','16G','N');
Insert into CLONING_OWNER.TEMPLATE_PARAM_VALUE (TEMPLATE_ID,PARAMETER_TYPE,PARAMETER_NAME,PARAMETER_VALUE,RESET) values ('3','C','app_supp_email','jsrba@csas.cz,jbohuslav@csas.cz,zelis@csas.cz','N');
Insert into CLONING_OWNER.TEMPLATE_PARAM_VALUE (TEMPLATE_ID,PARAMETER_TYPE,PARAMETER_NAME,PARAMETER_VALUE,RESET) values ('2','I','sga_target','50G','N');
Insert into CLONING_OWNER.TEMPLATE_PARAM_VALUE (TEMPLATE_ID,PARAMETER_TYPE,PARAMETER_NAME,PARAMETER_VALUE,RESET) values ('2','I','memory_target',null,'Y');
Insert into CLONING_OWNER.TEMPLATE_PARAM_VALUE (TEMPLATE_ID,PARAMETER_TYPE,PARAMETER_NAME,PARAMETER_VALUE,RESET) values ('2','I','pga_aggregate_target','24G','N');
Insert into CLONING_OWNER.TEMPLATE_PARAM_VALUE (TEMPLATE_ID,PARAMETER_TYPE,PARAMETER_NAME,PARAMETER_VALUE,RESET) values ('2','I','cpu_count','8','N');
Insert into CLONING_OWNER.TEMPLATE_PARAM_VALUE (TEMPLATE_ID,PARAMETER_TYPE,PARAMETER_NAME,PARAMETER_VALUE,RESET) values ('2','C','pre_sql_scripts','${CLONE_DIR}/app_scripts/ALL_uloz_app_hesla.sql,${CLONE_DIR}/app_scripts/RTODS_PrirazeniRoli.sql','N');
Insert into CLONING_OWNER.TEMPLATE_PARAM_VALUE (TEMPLATE_ID,PARAMETER_TYPE,PARAMETER_NAME,PARAMETER_VALUE,RESET) values ('2','C','post_sql_scripts','${TODAY_FMT}/${target_db}_nastav_hesla.sql,${TODAY_FMT}/${target_db}_list_grants.sql','N');
Insert into CLONING_OWNER.TEMPLATE_PARAM_VALUE (TEMPLATE_ID,PARAMETER_TYPE,PARAMETER_NAME,PARAMETER_VALUE,RESET) values ('2','C','app_supp_email','jsrba@csas.cz,rtods@csas.cz,fas-alfa@csas.cz','N');
Insert into CLONING_OWNER.TEMPLATE_PARAM_VALUE (TEMPLATE_ID,PARAMETER_TYPE,PARAMETER_NAME,PARAMETER_VALUE,RESET) values ('8','I','pga_aggregate_target','8G','N');
Insert into CLONING_OWNER.TEMPLATE_PARAM_VALUE (TEMPLATE_ID,PARAMETER_TYPE,PARAMETER_NAME,PARAMETER_VALUE,RESET) values ('8','I','cpu_count','8','N');
Insert into CLONING_OWNER.TEMPLATE_PARAM_VALUE (TEMPLATE_ID,PARAMETER_TYPE,PARAMETER_NAME,PARAMETER_VALUE,RESET) values ('5','I','pga_aggregate_target','1G','N');
Insert into CLONING_OWNER.TEMPLATE_PARAM_VALUE (TEMPLATE_ID,PARAMETER_TYPE,PARAMETER_NAME,PARAMETER_VALUE,RESET) values ('5','I','sga_target','5G','N');
Insert into CLONING_OWNER.TEMPLATE_PARAM_VALUE (TEMPLATE_ID,PARAMETER_TYPE,PARAMETER_NAME,PARAMETER_VALUE,RESET) values ('6','I','pga_aggregate_target','30%','N');
Insert into CLONING_OWNER.TEMPLATE_PARAM_VALUE (TEMPLATE_ID,PARAMETER_TYPE,PARAMETER_NAME,PARAMETER_VALUE,RESET) values ('6','I','sga_target','10%','N');
Insert into CLONING_OWNER.TEMPLATE_PARAM_VALUE (TEMPLATE_ID,PARAMETER_TYPE,PARAMETER_NAME,PARAMETER_VALUE,RESET) values ('8','I','sga_target','16G','N');
Insert into CLONING_OWNER.TEMPLATE_PARAM_VALUE (TEMPLATE_ID,PARAMETER_TYPE,PARAMETER_NAME,PARAMETER_VALUE,RESET) values ('10','I','sga_target','16G','N');
Insert into CLONING_OWNER.TEMPLATE_PARAM_VALUE (TEMPLATE_ID,PARAMETER_TYPE,PARAMETER_NAME,PARAMETER_VALUE,RESET) values ('10','I','pga_aggregate_target','8G','N');
Insert into CLONING_OWNER.TEMPLATE_PARAM_VALUE (TEMPLATE_ID,PARAMETER_TYPE,PARAMETER_NAME,PARAMETER_VALUE,RESET) values ('7','C','pre_sql_scripts','${CLONE_DIR}/app_scripts/ALL_uloz_app_hesla.sql','N');
Insert into CLONING_OWNER.TEMPLATE_PARAM_VALUE (TEMPLATE_ID,PARAMETER_TYPE,PARAMETER_NAME,PARAMETER_VALUE,RESET) values ('11','I','sga_target','8g','N');
Insert into CLONING_OWNER.TEMPLATE_PARAM_VALUE (TEMPLATE_ID,PARAMETER_TYPE,PARAMETER_NAME,PARAMETER_VALUE,RESET) values ('11','I','pga_aggregate_target','16g','N');
Insert into CLONING_OWNER.TEMPLATE_PARAM_VALUE (TEMPLATE_ID,PARAMETER_TYPE,PARAMETER_NAME,PARAMETER_VALUE,RESET) values ('5','C','app_supp_email','jsrba@csas.cz,jbohuslav@csas.cz,jsalat@csas.cz','N');
Insert into CLONING_OWNER.TEMPLATE_PARAM_VALUE (TEMPLATE_ID,PARAMETER_TYPE,PARAMETER_NAME,PARAMETER_VALUE,RESET) values ('6','C','app_supp_email','jsrba@csas.cz,jbohuslav@csas.cz,jsalat@csas.cz','N');
Insert into CLONING_OWNER.TEMPLATE_PARAM_VALUE (TEMPLATE_ID,PARAMETER_TYPE,PARAMETER_NAME,PARAMETER_VALUE,RESET) values ('12','C','app_supp_email','jsrba@csas.cz,jbohuslav@csas.cz','N');
Insert into CLONING_OWNER.TEMPLATE_PARAM_VALUE (TEMPLATE_ID,PARAMETER_TYPE,PARAMETER_NAME,PARAMETER_VALUE,RESET) values ('12','I','pga_aggregate_target','4G','N');
Insert into CLONING_OWNER.TEMPLATE_PARAM_VALUE (TEMPLATE_ID,PARAMETER_TYPE,PARAMETER_NAME,PARAMETER_VALUE,RESET) values ('12','I','sga_target','8G','N');
Insert into CLONING_OWNER.TEMPLATE_PARAM_VALUE (TEMPLATE_ID,PARAMETER_TYPE,PARAMETER_NAME,PARAMETER_VALUE,RESET) values ('13','C','app_supp_email','jsrba@csas.cz,jbohuslav@csas.cz','N');
Insert into CLONING_OWNER.TEMPLATE_PARAM_VALUE (TEMPLATE_ID,PARAMETER_TYPE,PARAMETER_NAME,PARAMETER_VALUE,RESET) values ('13','I','pga_aggregate_target','4G','N');
Insert into CLONING_OWNER.TEMPLATE_PARAM_VALUE (TEMPLATE_ID,PARAMETER_TYPE,PARAMETER_NAME,PARAMETER_VALUE,RESET) values ('13','I','sga_target','8G','N');
Insert into CLONING_OWNER.TEMPLATE_PARAM_VALUE (TEMPLATE_ID,PARAMETER_TYPE,PARAMETER_NAME,PARAMETER_VALUE,RESET) values ('14','I','pga_aggregate_target','5G','N');
Insert into CLONING_OWNER.TEMPLATE_PARAM_VALUE (TEMPLATE_ID,PARAMETER_TYPE,PARAMETER_NAME,PARAMETER_VALUE,RESET) values ('14','I','sga_target','10G','N');
Insert into CLONING_OWNER.TEMPLATE_PARAM_VALUE (TEMPLATE_ID,PARAMETER_TYPE,PARAMETER_NAME,PARAMETER_VALUE,RESET) values ('14','C','app_supp_email','jsrba@csas.cz,jbohuslav@csas.cz','N');
Insert into CLONING_OWNER.TEMPLATE_PARAM_VALUE (TEMPLATE_ID,PARAMETER_TYPE,PARAMETER_NAME,PARAMETER_VALUE,RESET) values ('14','C','pre_sql_scripts','${CLONE_DIR}/app_scripts/ALL_uloz_app_hesla.sql','N');
Insert into CLONING_OWNER.TEMPLATE_PARAM_VALUE (TEMPLATE_ID,PARAMETER_TYPE,PARAMETER_NAME,PARAMETER_VALUE,RESET) values ('5','C','asm_source_dg','${source_db}_D01,${source_db}_D03','N');
Insert into CLONING_OWNER.TEMPLATE_PARAM_VALUE (TEMPLATE_ID,PARAMETER_TYPE,PARAMETER_NAME,PARAMETER_VALUE,RESET) values ('6','C','asm_source_dg','${source_db}_D01,${source_db}_D02,${source_db}_D03','N');
Insert into CLONING_OWNER.TEMPLATE_PARAM_VALUE (TEMPLATE_ID,PARAMETER_TYPE,PARAMETER_NAME,PARAMETER_VALUE,RESET) values ('9','I','cpu_count','8','N');
Insert into CLONING_OWNER.TEMPLATE_PARAM_VALUE (TEMPLATE_ID,PARAMETER_TYPE,PARAMETER_NAME,PARAMETER_VALUE,RESET) values ('11','C','app_supp_email','jsrba@csas.cz,jbohuslav@csas.cz,peter.pira@ext.csas.cz','N');
Insert into CLONING_OWNER.TEMPLATE_PARAM_VALUE (TEMPLATE_ID,PARAMETER_TYPE,PARAMETER_NAME,PARAMETER_VALUE,RESET) values ('12','C','pre_sql_scripts','${CLONE_DIR}/app_scripts/ALL_uloz_app_hesla.sql','N');
Insert into CLONING_OWNER.TEMPLATE_PARAM_VALUE (TEMPLATE_ID,PARAMETER_TYPE,PARAMETER_NAME,PARAMETER_VALUE,RESET) values ('13','C','pre_sql_scripts','${CLONE_DIR}/app_scripts/ALL_uloz_app_hesla.sql','N');
Insert into CLONING_OWNER.TEMPLATE_PARAM_VALUE (TEMPLATE_ID,PARAMETER_TYPE,PARAMETER_NAME,PARAMETER_VALUE,RESET) values ('12','C','post_sql_scripts','${CLONE_DIR}/app_scripts/RTDM/RTDM_user_AMRTDM.sql,${TODAY_FMT}/${target_db}_nastav_hesla.sql','N');
Insert into CLONING_OWNER.TEMPLATE_PARAM_VALUE (TEMPLATE_ID,PARAMETER_TYPE,PARAMETER_NAME,PARAMETER_VALUE,RESET) values ('13','C','post_sql_scripts','${CLONE_DIR}/app_scripts/RTDM/RTDM_user_AMRTDM.sql,${TODAY_FMT}/${target_db}_nastav_hesla.sql','N');
--------------------------------------------------------
--  DDL for Index CLONING_METHOD_PK
--------------------------------------------------------

  CREATE UNIQUE INDEX "CLONING_OWNER"."CLONING_METHOD_PK" ON "CLONING_OWNER"."CLONING_METHOD" ("CLONING_METHOD_ID")
  PCTFREE 10 INITRANS 2 MAXTRANS 255 COMPUTE STATISTICS
  STORAGE(INITIAL 65536 NEXT 1048576 MINEXTENTS 1 MAXEXTENTS 2147483645
  PCTINCREASE 0 FREELISTS 1 FREELIST GROUPS 1
  BUFFER_POOL DEFAULT FLASH_CACHE DEFAULT CELL_FLASH_CACHE DEFAULT)
  TABLESPACE "USERS" ;
--------------------------------------------------------
--  DDL for Index CLONING_METHOD_STEP_NAME_UN
--------------------------------------------------------

  CREATE UNIQUE INDEX "CLONING_OWNER"."CLONING_METHOD_STEP_NAME_UN" ON "CLONING_OWNER"."CLONING_METHOD_STEP" ("CLONING_METHOD_ID", "STEP_NAME")
  PCTFREE 10 INITRANS 2 MAXTRANS 255 COMPUTE STATISTICS
  STORAGE(INITIAL 65536 NEXT 1048576 MINEXTENTS 1 MAXEXTENTS 2147483645
  PCTINCREASE 0 FREELISTS 1 FREELIST GROUPS 1
  BUFFER_POOL DEFAULT FLASH_CACHE DEFAULT CELL_FLASH_CACHE DEFAULT)
  TABLESPACE "USERS" ;
--------------------------------------------------------
--  DDL for Index CLONING_METHOD_STEP_PK
--------------------------------------------------------

  CREATE UNIQUE INDEX "CLONING_OWNER"."CLONING_METHOD_STEP_PK" ON "CLONING_OWNER"."CLONING_METHOD_STEP" ("CLONING_METHOD_ID", "POSITION")
  PCTFREE 10 INITRANS 2 MAXTRANS 255 COMPUTE STATISTICS
  STORAGE(INITIAL 65536 NEXT 1048576 MINEXTENTS 1 MAXEXTENTS 2147483645
  PCTINCREASE 0 FREELISTS 1 FREELIST GROUPS 1
  BUFFER_POOL DEFAULT FLASH_CACHE DEFAULT CELL_FLASH_CACHE DEFAULT)
  TABLESPACE "USERS" ;
--------------------------------------------------------
--  DDL for Index CLONING_PARAMETERS_PK
--------------------------------------------------------

  CREATE UNIQUE INDEX "CLONING_OWNER"."CLONING_PARAMETERS_PK" ON "CLONING_OWNER"."CLONING_PARAMETER" ("PARAMETER_TYPE", "PARAMETER_NAME")
  PCTFREE 10 INITRANS 2 MAXTRANS 255 COMPUTE STATISTICS
  STORAGE(INITIAL 65536 NEXT 1048576 MINEXTENTS 1 MAXEXTENTS 2147483645
  PCTINCREASE 0 FREELISTS 1 FREELIST GROUPS 1
  BUFFER_POOL DEFAULT FLASH_CACHE DEFAULT CELL_FLASH_CACHE DEFAULT)
  TABLESPACE "USERS" ;
--------------------------------------------------------
--  DDL for Index CLONING_TEMPLATE_PK
--------------------------------------------------------

  CREATE UNIQUE INDEX "CLONING_OWNER"."CLONING_TEMPLATE_PK" ON "CLONING_OWNER"."CLONING_TEMPLATE" ("TEMPLATE_ID")
  PCTFREE 10 INITRANS 2 MAXTRANS 255 COMPUTE STATISTICS
  STORAGE(INITIAL 65536 NEXT 1048576 MINEXTENTS 1 MAXEXTENTS 2147483645
  PCTINCREASE 0 FREELISTS 1 FREELIST GROUPS 1
  BUFFER_POOL DEFAULT FLASH_CACHE DEFAULT CELL_FLASH_CACHE DEFAULT)
  TABLESPACE "USERS" ;
--------------------------------------------------------
--  DDL for Index DB_PARAM_VALUE_PK
--------------------------------------------------------

  CREATE UNIQUE INDEX "CLONING_OWNER"."DB_PARAM_VALUE_PK" ON "CLONING_OWNER"."DB_PARAM_VALUE" ("LICDB_ID", "PARAMETER_NAME", "PARAMETER_TYPE")
  PCTFREE 10 INITRANS 2 MAXTRANS 255 COMPUTE STATISTICS
  STORAGE(INITIAL 65536 NEXT 1048576 MINEXTENTS 1 MAXEXTENTS 2147483645
  PCTINCREASE 0 FREELISTS 1 FREELIST GROUPS 1
  BUFFER_POOL DEFAULT FLASH_CACHE DEFAULT CELL_FLASH_CACHE DEFAULT)
  TABLESPACE "USERS" ;
--------------------------------------------------------
--  DDL for Index METHOD_PARAM_VALUE_PK
--------------------------------------------------------

  CREATE UNIQUE INDEX "CLONING_OWNER"."METHOD_PARAM_VALUE_PK" ON "CLONING_OWNER"."METHOD_PARAM_VALUE" ("METHOD_ID", "PARAMETER_NAME", "PARAMETER_TYPE")
  PCTFREE 10 INITRANS 2 MAXTRANS 255 COMPUTE STATISTICS
  STORAGE(INITIAL 65536 NEXT 1048576 MINEXTENTS 1 MAXEXTENTS 2147483645
  PCTINCREASE 0 FREELISTS 1 FREELIST GROUPS 1
  BUFFER_POOL DEFAULT FLASH_CACHE DEFAULT CELL_FLASH_CACHE DEFAULT)
  TABLESPACE "USERS" ;
--------------------------------------------------------
--  DDL for Index TEMPLATE_PARAM_VALUE_PK
--------------------------------------------------------

  CREATE UNIQUE INDEX "CLONING_OWNER"."TEMPLATE_PARAM_VALUE_PK" ON "CLONING_OWNER"."TEMPLATE_PARAM_VALUE" ("TEMPLATE_ID", "PARAMETER_NAME", "PARAMETER_TYPE")
  PCTFREE 10 INITRANS 2 MAXTRANS 255 COMPUTE STATISTICS
  STORAGE(INITIAL 65536 NEXT 1048576 MINEXTENTS 1 MAXEXTENTS 2147483645
  PCTINCREASE 0 FREELISTS 1 FREELIST GROUPS 1
  BUFFER_POOL DEFAULT FLASH_CACHE DEFAULT CELL_FLASH_CACHE DEFAULT)
  TABLESPACE "USERS" ;
--------------------------------------------------------
--  DDL for Trigger CLONING_METHOD_CLONING_METHOD
--------------------------------------------------------

  CREATE OR REPLACE EDITIONABLE TRIGGER "CLONING_OWNER"."CLONING_METHOD_CLONING_METHOD" BEFORE
  INSERT ON "CLONING_OWNER"."CLONING_METHOD" FOR EACH ROW     WHEN (NEW.CLONING_METHOD_ID IS NULL) BEGIN
  SELECT 'KLON'
    ||LPAD(TO_CHAR(CLONING_OWNER.CLONING_TASK_TASK_ID_SEQ.NEXTVAL),7,0)
  INTO :NEW.CLONING_METHOD_ID
  FROM DUAL;
END;


/
ALTER TRIGGER "CLONING_OWNER"."CLONING_METHOD_CLONING_METHOD" ENABLE;
--------------------------------------------------------
--  DDL for Trigger CLONING_TEMPLATE_TEMPLATE_ID
--------------------------------------------------------

  CREATE OR REPLACE EDITIONABLE TRIGGER "CLONING_OWNER"."CLONING_TEMPLATE_TEMPLATE_ID" BEFORE
  INSERT ON CLONING_OWNER.CLONING_TEMPLATE FOR EACH ROW  WHEN (NEW.TEMPLATE_ID IS NULL) BEGIN :NEW.TEMPLATE_ID := CLONING_OWNER.CLONING_TEMPLATE_TEMPLATE_ID.NEXTVAL;
END;
/
ALTER TRIGGER "CLONING_OWNER"."CLONING_TEMPLATE_TEMPLATE_ID" ENABLE;
--------------------------------------------------------
--  Constraints for Table CLONING_METHOD
--------------------------------------------------------

  ALTER TABLE "CLONING_OWNER"."CLONING_METHOD" ADD CHECK ( regexp_like(METHOD_NAME,'[A-Z0-9_#]+')) ENABLE;
  ALTER TABLE "CLONING_OWNER"."CLONING_METHOD" ADD CHECK ( regexp_like(METHOD_NAME,'[A-Z0-9_#]+')) ENABLE;
  ALTER TABLE "CLONING_OWNER"."CLONING_METHOD" ADD CONSTRAINT "CLONING_METHODS_PK" PRIMARY KEY ("CLONING_METHOD_ID")
  USING INDEX (CREATE UNIQUE INDEX "CLONING_OWNER"."CLONING_METHOD_PK" ON "CLONING_OWNER"."CLONING_METHOD" ("CLONING_METHOD_ID")
  PCTFREE 10 INITRANS 2 MAXTRANS 255 COMPUTE STATISTICS
  STORAGE(INITIAL 65536 NEXT 1048576 MINEXTENTS 1 MAXEXTENTS 2147483645
  PCTINCREASE 0 FREELISTS 1 FREELIST GROUPS 1
  BUFFER_POOL DEFAULT FLASH_CACHE DEFAULT CELL_FLASH_CACHE DEFAULT)
  TABLESPACE "USERS" )  ENABLE;
  ALTER TABLE "CLONING_OWNER"."CLONING_METHOD" MODIFY ("METHOD_TITLE" NOT NULL ENABLE);
  ALTER TABLE "CLONING_OWNER"."CLONING_METHOD" MODIFY ("METHOD_NAME" NOT NULL ENABLE);
  ALTER TABLE "CLONING_OWNER"."CLONING_METHOD" MODIFY ("CLONING_METHOD_ID" NOT NULL ENABLE);
--------------------------------------------------------
--  Constraints for Table CLONING_METHOD_STEP
--------------------------------------------------------

  ALTER TABLE "CLONING_OWNER"."CLONING_METHOD_STEP" ADD CONSTRAINT "CLONING_METHOD_STEP_NAME_UN" UNIQUE ("CLONING_METHOD_ID", "STEP_NAME")
  USING INDEX PCTFREE 10 INITRANS 2 MAXTRANS 255 COMPUTE STATISTICS
  STORAGE(INITIAL 65536 NEXT 1048576 MINEXTENTS 1 MAXEXTENTS 2147483645
  PCTINCREASE 0 FREELISTS 1 FREELIST GROUPS 1
  BUFFER_POOL DEFAULT FLASH_CACHE DEFAULT CELL_FLASH_CACHE DEFAULT)
  TABLESPACE "USERS"  ENABLE;
  ALTER TABLE "CLONING_OWNER"."CLONING_METHOD_STEP" MODIFY ("LOCAL" NOT NULL ENABLE);
  ALTER TABLE "CLONING_OWNER"."CLONING_METHOD_STEP" MODIFY ("COMMON" NOT NULL ENABLE);
  ALTER TABLE "CLONING_OWNER"."CLONING_METHOD_STEP" MODIFY ("STEP_NAME" NOT NULL ENABLE);
  ALTER TABLE "CLONING_OWNER"."CLONING_METHOD_STEP" MODIFY ("CLONING_METHOD_ID" NOT NULL ENABLE);
  ALTER TABLE "CLONING_OWNER"."CLONING_METHOD_STEP" ADD CONSTRAINT "CLONING_METHOD_STEP_PK" PRIMARY KEY ("CLONING_METHOD_ID", "POSITION")
  USING INDEX PCTFREE 10 INITRANS 2 MAXTRANS 255 COMPUTE STATISTICS
  STORAGE(INITIAL 65536 NEXT 1048576 MINEXTENTS 1 MAXEXTENTS 2147483645
  PCTINCREASE 0 FREELISTS 1 FREELIST GROUPS 1
  BUFFER_POOL DEFAULT FLASH_CACHE DEFAULT CELL_FLASH_CACHE DEFAULT)
  TABLESPACE "USERS"  ENABLE;
--------------------------------------------------------
--  Constraints for Table CLONING_PARAMETER
--------------------------------------------------------

  ALTER TABLE "CLONING_OWNER"."CLONING_PARAMETER" ADD CONSTRAINT "CLONING_PARAMETERS_PK" PRIMARY KEY ("PARAMETER_TYPE", "PARAMETER_NAME")
  USING INDEX PCTFREE 10 INITRANS 2 MAXTRANS 255 COMPUTE STATISTICS
  STORAGE(INITIAL 65536 NEXT 1048576 MINEXTENTS 1 MAXEXTENTS 2147483645
  PCTINCREASE 0 FREELISTS 1 FREELIST GROUPS 1
  BUFFER_POOL DEFAULT FLASH_CACHE DEFAULT CELL_FLASH_CACHE DEFAULT)
  TABLESPACE "USERS"  ENABLE;
  ALTER TABLE "CLONING_OWNER"."CLONING_PARAMETER" ADD CHECK ( RESET     IN ('N', 'Y')) ENABLE;
  ALTER TABLE "CLONING_OWNER"."CLONING_PARAMETER" ADD CHECK ( MANDATORY IN ('N', 'Y')) ENABLE;
  ALTER TABLE "CLONING_OWNER"."CLONING_PARAMETER" ADD CHECK ( regexp_like(PARAMETER_NAME,'[A-Z0-9_#]+')) ENABLE;
  ALTER TABLE "CLONING_OWNER"."CLONING_PARAMETER" ADD CHECK ( PARAMETER_TYPE IN ('C', 'I')) ENABLE;
  ALTER TABLE "CLONING_OWNER"."CLONING_PARAMETER" MODIFY ("RESET" NOT NULL ENABLE);
  ALTER TABLE "CLONING_OWNER"."CLONING_PARAMETER" MODIFY ("MANDATORY" NOT NULL ENABLE);
  ALTER TABLE "CLONING_OWNER"."CLONING_PARAMETER" MODIFY ("PARAMETER_NAME" NOT NULL ENABLE);
  ALTER TABLE "CLONING_OWNER"."CLONING_PARAMETER" MODIFY ("PARAMETER_TYPE" NOT NULL ENABLE);
--------------------------------------------------------
--  Constraints for Table CLONING_TEMPLATE
--------------------------------------------------------

  ALTER TABLE "CLONING_OWNER"."CLONING_TEMPLATE" ADD CONSTRAINT "CLONING_TEMPLATE_PK" PRIMARY KEY ("TEMPLATE_ID")
  USING INDEX PCTFREE 10 INITRANS 2 MAXTRANS 255 COMPUTE STATISTICS
  STORAGE(INITIAL 65536 NEXT 1048576 MINEXTENTS 1 MAXEXTENTS 2147483645
  PCTINCREASE 0 FREELISTS 1 FREELIST GROUPS 1
  BUFFER_POOL DEFAULT FLASH_CACHE DEFAULT CELL_FLASH_CACHE DEFAULT)
  TABLESPACE "USERS"  ENABLE;
  ALTER TABLE "CLONING_OWNER"."CLONING_TEMPLATE" MODIFY ("TEMPLATE_NAME" NOT NULL ENABLE);
  ALTER TABLE "CLONING_OWNER"."CLONING_TEMPLATE" MODIFY ("TEMPLATE_ID" NOT NULL ENABLE);
--------------------------------------------------------
--  Constraints for Table DB_PARAM_VALUE
--------------------------------------------------------

  ALTER TABLE "CLONING_OWNER"."DB_PARAM_VALUE" ADD CONSTRAINT "DB_PARAM_VALUE_PK" PRIMARY KEY ("LICDB_ID", "PARAMETER_NAME", "PARAMETER_TYPE")
  USING INDEX PCTFREE 10 INITRANS 2 MAXTRANS 255 COMPUTE STATISTICS
  STORAGE(INITIAL 65536 NEXT 1048576 MINEXTENTS 1 MAXEXTENTS 2147483645
  PCTINCREASE 0 FREELISTS 1 FREELIST GROUPS 1
  BUFFER_POOL DEFAULT FLASH_CACHE DEFAULT CELL_FLASH_CACHE DEFAULT)
  TABLESPACE "USERS"  ENABLE;
  ALTER TABLE "CLONING_OWNER"."DB_PARAM_VALUE" ADD CHECK ( RESET IN ('N', 'Y')) ENABLE;
  ALTER TABLE "CLONING_OWNER"."DB_PARAM_VALUE" MODIFY ("RESET" NOT NULL ENABLE);
  ALTER TABLE "CLONING_OWNER"."DB_PARAM_VALUE" MODIFY ("PARAMETER_NAME" NOT NULL ENABLE);
  ALTER TABLE "CLONING_OWNER"."DB_PARAM_VALUE" MODIFY ("PARAMETER_TYPE" NOT NULL ENABLE);
  ALTER TABLE "CLONING_OWNER"."DB_PARAM_VALUE" MODIFY ("LICDB_ID" NOT NULL ENABLE);
--------------------------------------------------------
--  Constraints for Table METHOD_PARAM_VALUE
--------------------------------------------------------

  ALTER TABLE "CLONING_OWNER"."METHOD_PARAM_VALUE" ADD CONSTRAINT "METHOD_PARAM_VALUE_PK" PRIMARY KEY ("METHOD_ID", "PARAMETER_NAME", "PARAMETER_TYPE")
  USING INDEX PCTFREE 10 INITRANS 2 MAXTRANS 255 COMPUTE STATISTICS
  STORAGE(INITIAL 65536 NEXT 1048576 MINEXTENTS 1 MAXEXTENTS 2147483645
  PCTINCREASE 0 FREELISTS 1 FREELIST GROUPS 1
  BUFFER_POOL DEFAULT FLASH_CACHE DEFAULT CELL_FLASH_CACHE DEFAULT)
  TABLESPACE "USERS"  ENABLE;
  ALTER TABLE "CLONING_OWNER"."METHOD_PARAM_VALUE" ADD CONSTRAINT "CK_METHOD_PARVAL_RESET" CHECK ( RESET IN ('N', 'Y')) ENABLE;
  ALTER TABLE "CLONING_OWNER"."METHOD_PARAM_VALUE" MODIFY ("RESET" NOT NULL ENABLE);
  ALTER TABLE "CLONING_OWNER"."METHOD_PARAM_VALUE" MODIFY ("PARAMETER_NAME" NOT NULL ENABLE);
  ALTER TABLE "CLONING_OWNER"."METHOD_PARAM_VALUE" MODIFY ("PARAMETER_TYPE" NOT NULL ENABLE);
  ALTER TABLE "CLONING_OWNER"."METHOD_PARAM_VALUE" MODIFY ("METHOD_ID" NOT NULL ENABLE);
--------------------------------------------------------
--  Constraints for Table TEMPLATE_PARAM_VALUE
--------------------------------------------------------

  ALTER TABLE "CLONING_OWNER"."TEMPLATE_PARAM_VALUE" ADD CONSTRAINT "TEMPLATE_PARAM_VALUE_PK" PRIMARY KEY ("TEMPLATE_ID", "PARAMETER_NAME", "PARAMETER_TYPE")
  USING INDEX PCTFREE 10 INITRANS 2 MAXTRANS 255 COMPUTE STATISTICS
  STORAGE(INITIAL 65536 NEXT 1048576 MINEXTENTS 1 MAXEXTENTS 2147483645
  PCTINCREASE 0 FREELISTS 1 FREELIST GROUPS 1
  BUFFER_POOL DEFAULT FLASH_CACHE DEFAULT CELL_FLASH_CACHE DEFAULT)
  TABLESPACE "USERS"  ENABLE;
  ALTER TABLE "CLONING_OWNER"."TEMPLATE_PARAM_VALUE" ADD CONSTRAINT "CK_TEMPLATE_PARVAL_RESET" CHECK ( RESET IN ('N', 'Y')) ENABLE;
  ALTER TABLE "CLONING_OWNER"."TEMPLATE_PARAM_VALUE" MODIFY ("RESET" NOT NULL ENABLE);
  ALTER TABLE "CLONING_OWNER"."TEMPLATE_PARAM_VALUE" MODIFY ("PARAMETER_NAME" NOT NULL ENABLE);
  ALTER TABLE "CLONING_OWNER"."TEMPLATE_PARAM_VALUE" MODIFY ("PARAMETER_TYPE" NOT NULL ENABLE);
  ALTER TABLE "CLONING_OWNER"."TEMPLATE_PARAM_VALUE" MODIFY ("TEMPLATE_ID" NOT NULL ENABLE);
